Country Code,Country (English),Capital (English),Wikipedia (English),Country (Dutch),Capital (Dutch),Wikipedia (Dutch),Country (Italian),Capital (Italian),Wikipedia (Italian)
ad,Andorra,Andorra la Vella,https://en.wikipedia.org/wiki/Andorra,Andorra,Andorra la Vella,https://nl.wikipedia.org/wiki/Andorra,Andorra,Andorra la Vella,https://it.wikipedia.org/wiki/Andorra
ae,United Arab Emirates,Abu Dhabi,https://en.wikipedia.org/wiki/United%20Arab%20Emirates,United Arab Emirates,Abu Dhabi,https://nl.wikipedia.org/wiki/United%20Arab%20Emirates,United Arab Emirates,Abu Dhabi,https://it.wikipedia.org/wiki/United%20Arab%20Emirates
af,Afghanistan,Kabul,https://en.wikipedia.org/wiki/Afghanistan,Afghanistan,Kabul,https://nl.wikipedia.org/wiki/Afghanistan,Afghanistan,Kabul,https://it.wikipedia.org/wiki/Afghanistan
ag,Antigua and Barbuda,Saint John's,https://en.wikipedia.org/wiki/Antigua%20and%20Barbuda,Antigua and Barbuda,Saint John's,https://nl.wikipedia.org/wiki/Antigua%20and%20Barbuda,Antigua and Barbuda,Saint John's,https://it.wikipedia.org/wiki/Antigua%20and%20Barbuda
ai,Anguilla,The Valley,https://en.wikipedia.org/wiki/Anguilla,Anguilla,The Valley,https://nl.wikipedia.org/wiki/Anguilla,Anguilla,The Valley,https://it.wikipedia.org/wiki/Anguilla
al,Albania,Tirana,https://en.wikipedia.org/wiki/Albania,Albania,Tirana,https://nl.wikipedia.org/wiki/Albania,Albania,Tirana,https://it.wikipedia.org/wiki/Albania
am,Armenia,Yerevan,https://en.wikipedia.org/wiki/Armenia,Armenia,Yerevan,https://nl.wikipedia.org/wiki/Armenia,Armenia,Yerevan,https://it.wikipedia.org/wiki/Armenia
ao,Angola,Luanda,https://en.wikipedia.org/wiki/Angola,Angola,Luanda,https://nl.wikipedia.org/wiki/Angola,Angola,Luanda,https://it.wikipedia.org/wiki/Angola
aq,Antarctica,,https://en.wikipedia.org/wiki/Antarctica,Antarctica,,https://nl.wikipedia.org/wiki/Antarctica,Antarctica,,https://it.wikipedia.org/wiki/Antarctica
ar,Argentina,Buenos Aires,https://en.wikipedia.org/wiki/Argentina,Argentina,Buenos Aires,https://nl.wikipedia.org/wiki/Argentina,Argentina,Buenos Aires,https://it.wikipedia.org/wiki/Argentina
as,American Samoa,Pago Pago,https://en.wikipedia.org/wiki/American%20Samoa,American Samoa,Pago Pago,https://nl.wikipedia.org/wiki/American%20Samoa,American Samoa,Pago Pago,https://it.wikipedia.org/wiki/American%20Samoa
at,Austria,Vienna,https://en.wikipedia.org/wiki/Austria,Austria,Vienna,https://nl.wikipedia.org/wiki/Austria,Austria,Vienna,https://it.wikipedia.org/wiki/Austria
au,Australia,Canberra,https://en.wikipedia.org/wiki/Australia,Australia,Canberra,https://nl.wikipedia.org/wiki/Australia,Australia,Canberra,https://it.wikipedia.org/wiki/Australia
aw,Aruba,Oranjestad,https://en.wikipedia.org/wiki/Aruba,Aruba,Oranjestad,https://nl.wikipedia.org/wiki/Aruba,Aruba,Oranjestad,https://it.wikipedia.org/wiki/Aruba
ax,Åland Islands,Mariehamn,https://en.wikipedia.org/wiki/%C3%85land%20Islands,Åland Islands,Mariehamn,https://nl.wikipedia.org/wiki/%C3%85land%20Islands,Åland Islands,Mariehamn,https://it.wikipedia.org/wiki/%C3%85land%20Islands
az,Azerbaijan,Baku,https://en.wikipedia.org/wiki/Azerbaijan,Azerbaijan,Baku,https://nl.wikipedia.org/wiki/Azerbaijan,Azerbaijan,Baku,https://it.wikipedia.org/wiki/Azerbaijan
ba,Bosnia and Herzegovina,Sarajevo,https://en.wikipedia.org/wiki/Bosnia%20and%20Herzegovina,Bosnia and Herzegovina,Sarajevo,https://nl.wikipedia.org/wiki/Bosnia%20and%20Herzegovina,Bosnia and Herzegovina,Sarajevo,https://it.wikipedia.org/wiki/Bosnia%20and%20Herzegovina
bb,Barbados,Bridgetown,https://en.wikipedia.org/wiki/Barbados,Barbados,Bridgetown,https://nl.wikipedia.org/wiki/Barbados,Barbados,Bridgetown,https://it.wikipedia.org/wiki/Barbados
bd,Bangladesh,Dhaka,https://en.wikipedia.org/wiki/Bangladesh,Bangladesh,Dhaka,https://nl.wikipedia.org/wiki/Bangladesh,Bangladesh,Dhaka,https://it.wikipedia.org/wiki/Bangladesh
be,Belgium,Brussels,https://en.wikipedia.org/wiki/Belgium,Belgium,Brussels,https://nl.wikipedia.org/wiki/Belgium,Belgium,Brussels,https://it.wikipedia.org/wiki/Belgium
bf,Burkina Faso,Ouagadougou,https://en.wikipedia.org/wiki/Burkina%20Faso,Burkina Faso,Ouagadougou,https://nl.wikipedia.org/wiki/Burkina%20Faso,Burkina Faso,Ouagadougou,https://it.wikipedia.org/wiki/Burkina%20Faso
bg,Bulgaria,Sofia,https://en.wikipedia.org/wiki/Bulgaria,Bulgaria,Sofia,https://nl.wikipedia.org/wiki/Bulgaria,Bulgaria,Sofia,https://it.wikipedia.org/wiki/Bulgaria
bh,Bahrain,Manama,https://en.wikipedia.org/wiki/Bahrain,Bahrain,Manama,https://nl.wikipedia.org/wiki/Bahrain,Bahrain,Manama,https://it.wikipedia.org/wiki/Bahrain
bi,Burundi,Gitega,https://en.wikipedia.org/wiki/Burundi,Burundi,Gitega,https://nl.wikipedia.org/wiki/Burundi,Burundi,Gitega,https://it.wikipedia.org/wiki/Burundi
bj,Benin,Porto-Novo,https://en.wikipedia.org/wiki/Benin,Benin,Porto-Novo,https://nl.wikipedia.org/wiki/Benin,Benin,Porto-Novo,https://it.wikipedia.org/wiki/Benin
bl,Saint Barthélemy,Gustavia,https://en.wikipedia.org/wiki/Saint%20Barth%C3%A9lemy,Saint Barthélemy,Gustavia,https://nl.wikipedia.org/wiki/Saint%20Barth%C3%A9lemy,Saint Barthélemy,Gustavia,https://it.wikipedia.org/wiki/Saint%20Barth%C3%A9lemy
bm,Bermuda,Hamilton,https://en.wikipedia.org/wiki/Bermuda,Bermuda,Hamilton,https://nl.wikipedia.org/wiki/Bermuda,Bermuda,Hamilton,https://it.wikipedia.org/wiki/Bermuda
bn,Brunei,Bandar Seri Begawan,https://en.wikipedia.org/wiki/Brunei,Brunei,Bandar Seri Begawan,https://nl.wikipedia.org/wiki/Brunei,Brunei,Bandar Seri Begawan,https://it.wikipedia.org/wiki/Brunei
bo,Bolivia,Sucre,https://en.wikipedia.org/wiki/Bolivia,Bolivia,Sucre,https://nl.wikipedia.org/wiki/Bolivia,Bolivia,Sucre,https://it.wikipedia.org/wiki/Bolivia
bq,Caribbean Netherlands,Kralendijk,https://en.wikipedia.org/wiki/Caribbean%20Netherlands,Caribbean Netherlands,Kralendijk,https://nl.wikipedia.org/wiki/Caribbean%20Netherlands,Caribbean Netherlands,Kralendijk,https://it.wikipedia.org/wiki/Caribbean%20Netherlands
br,Brazil,Brasília,https://en.wikipedia.org/wiki/Brazil,Brazil,Brasília,https://nl.wikipedia.org/wiki/Brazil,Brazil,Brasília,https://it.wikipedia.org/wiki/Brazil
bs,Bahamas,Nassau,https://en.wikipedia.org/wiki/Bahamas,Bahamas,Nassau,https://nl.wikipedia.org/wiki/Bahamas,Bahamas,Nassau,https://it.wikipedia.org/wiki/Bahamas
bt,Bhutan,Thimphu,https://en.wikipedia.org/wiki/Bhutan,Bhutan,Thimphu,https://nl.wikipedia.org/wiki/Bhutan,Bhutan,Thimphu,https://it.wikipedia.org/wiki/Bhutan
bv,Bouvet Island,,https://en.wikipedia.org/wiki/Bouvet%20Island,Bouvet Island,,https://nl.wikipedia.org/wiki/Bouvet%20Island,Bouvet Island,,https://it.wikipedia.org/wiki/Bouvet%20Island
bw,Botswana,Gaborone,https://en.wikipedia.org/wiki/Botswana,Botswana,Gaborone,https://nl.wikipedia.org/wiki/Botswana,Botswana,Gaborone,https://it.wikipedia.org/wiki/Botswana
by,Belarus,Minsk,https://en.wikipedia.org/wiki/Belarus,Belarus,Minsk,https://nl.wikipedia.org/wiki/Belarus,Belarus,Minsk,https://it.wikipedia.org/wiki/Belarus
bz,Belize,Belmopan,https://en.wikipedia.org/wiki/Belize,Belize,Belmopan,https://nl.wikipedia.org/wiki/Belize,Belize,Belmopan,https://it.wikipedia.org/wiki/Belize
ca,Canada,Ottawa,https://en.wikipedia.org/wiki/Canada,Canada,Ottawa,https://nl.wikipedia.org/wiki/Canada,Canada,Ottawa,https://it.wikipedia.org/wiki/Canada
cc,Cocos (Keeling) Islands,West Island,https://en.wikipedia.org/wiki/Cocos%20(Keeling)%20Islands,Cocos (Keeling) Islands,West Island,https://nl.wikipedia.org/wiki/Cocos%20(Keeling)%20Islands,Cocos (Keeling) Islands,West Island,https://it.wikipedia.org/wiki/Cocos%20(Keeling)%20Islands
cd,DR Congo,Kinshasa,https://en.wikipedia.org/wiki/DR%20Congo,DR Congo,Kinshasa,https://nl.wikipedia.org/wiki/DR%20Congo,DR Congo,Kinshasa,https://it.wikipedia.org/wiki/DR%20Congo
cf,Central African Republic,Bangui,https://en.wikipedia.org/wiki/Central%20African%20Republic,Central African Republic,Bangui,https://nl.wikipedia.org/wiki/Central%20African%20Republic,Central African Republic,Bangui,https://it.wikipedia.org/wiki/Central%20African%20Republic
cg,Republic of the Congo,Brazzaville,https://en.wikipedia.org/wiki/Republic%20of%20the%20Congo,Republic of the Congo,Brazzaville,https://nl.wikipedia.org/wiki/Republic%20of%20the%20Congo,Republic of the Congo,Brazzaville,https://it.wikipedia.org/wiki/Republic%20of%20the%20Congo
ch,Switzerland,Bern,https://en.wikipedia.org/wiki/Switzerland,Switzerland,Bern,https://nl.wikipedia.org/wiki/Switzerland,Switzerland,Bern,https://it.wikipedia.org/wiki/Switzerland
ci,Ivory Coast,Yamoussoukro,https://en.wikipedia.org/wiki/Ivory%20Coast,Ivory Coast,Yamoussoukro,https://nl.wikipedia.org/wiki/Ivory%20Coast,Ivory Coast,Yamoussoukro,https://it.wikipedia.org/wiki/Ivory%20Coast
ck,Cook Islands,Avarua,https://en.wikipedia.org/wiki/Cook%20Islands,Cook Islands,Avarua,https://nl.wikipedia.org/wiki/Cook%20Islands,Cook Islands,Avarua,https://it.wikipedia.org/wiki/Cook%20Islands
cl,Chile,Santiago,https://en.wikipedia.org/wiki/Chile,Chile,Santiago,https://nl.wikipedia.org/wiki/Chile,Chile,Santiago,https://it.wikipedia.org/wiki/Chile
cm,Cameroon,Yaoundé,https://en.wikipedia.org/wiki/Cameroon,Cameroon,Yaoundé,https://nl.wikipedia.org/wiki/Cameroon,Cameroon,Yaoundé,https://it.wikipedia.org/wiki/Cameroon
cn,China,Beijing,https://en.wikipedia.org/wiki/China,China,Beijing,https://nl.wikipedia.org/wiki/China,China,Beijing,https://it.wikipedia.org/wiki/China
co,Colombia,Bogotá,https://en.wikipedia.org/wiki/Colombia,Colombia,Bogotá,https://nl.wikipedia.org/wiki/Colombia,Colombia,Bogotá,https://it.wikipedia.org/wiki/Colombia
cr,Costa Rica,San José,https://en.wikipedia.org/wiki/Costa%20Rica,Costa Rica,San José,https://nl.wikipedia.org/wiki/Costa%20Rica,Costa Rica,San José,https://it.wikipedia.org/wiki/Costa%20Rica
cu,Cuba,Havana,https://en.wikipedia.org/wiki/Cuba,Cuba,Havana,https://nl.wikipedia.org/wiki/Cuba,Cuba,Havana,https://it.wikipedia.org/wiki/Cuba
cv,Cape Verde,Praia,https://en.wikipedia.org/wiki/Cape%20Verde,Cape Verde,Praia,https://nl.wikipedia.org/wiki/Cape%20Verde,Cape Verde,Praia,https://it.wikipedia.org/wiki/Cape%20Verde
cw,Curaçao,Willemstad,https://en.wikipedia.org/wiki/Cura%C3%A7ao,Curaçao,Willemstad,https://nl.wikipedia.org/wiki/Cura%C3%A7ao,Curaçao,Willemstad,https://it.wikipedia.org/wiki/Cura%C3%A7ao
cx,Christmas Island,Flying Fish Cove,https://en.wikipedia.org/wiki/Christmas%20Island,Christmas Island,Flying Fish Cove,https://nl.wikipedia.org/wiki/Christmas%20Island,Christmas Island,Flying Fish Cove,https://it.wikipedia.org/wiki/Christmas%20Island
cy,Cyprus,Nicosia,https://en.wikipedia.org/wiki/Cyprus,Cyprus,Nicosia,https://nl.wikipedia.org/wiki/Cyprus,Cyprus,Nicosia,https://it.wikipedia.org/wiki/Cyprus
cz,Czechia,Prague,https://en.wikipedia.org/wiki/Czechia,Czechia,Prague,https://nl.wikipedia.org/wiki/Czechia,Czechia,Prague,https://it.wikipedia.org/wiki/Czechia
de,Germany,Berlin,https://en.wikipedia.org/wiki/Germany,Germany,Berlin,https://nl.wikipedia.org/wiki/Germany,Germany,Berlin,https://it.wikipedia.org/wiki/Germany
dj,Djibouti,Djibouti,https://en.wikipedia.org/wiki/Djibouti,Djibouti,Djibouti,https://nl.wikipedia.org/wiki/Djibouti,Djibouti,Djibouti,https://it.wikipedia.org/wiki/Djibouti
dk,Denmark,Copenhagen,https://en.wikipedia.org/wiki/Denmark,Denmark,Copenhagen,https://nl.wikipedia.org/wiki/Denmark,Denmark,Copenhagen,https://it.wikipedia.org/wiki/Denmark
dm,Dominica,Roseau,https://en.wikipedia.org/wiki/Dominica,Dominica,Roseau,https://nl.wikipedia.org/wiki/Dominica,Dominica,Roseau,https://it.wikipedia.org/wiki/Dominica
do,Dominican Republic,Santo Domingo,https://en.wikipedia.org/wiki/Dominican%20Republic,Dominican Republic,Santo Domingo,https://nl.wikipedia.org/wiki/Dominican%20Republic,Dominican Republic,Santo Domingo,https://it.wikipedia.org/wiki/Dominican%20Republic
dz,Algeria,Algiers,https://en.wikipedia.org/wiki/Algeria,Algeria,Algiers,https://nl.wikipedia.org/wiki/Algeria,Algeria,Algiers,https://it.wikipedia.org/wiki/Algeria
ec,Ecuador,Quito,https://en.wikipedia.org/wiki/Ecuador,Ecuador,Quito,https://nl.wikipedia.org/wiki/Ecuador,Ecuador,Quito,https://it.wikipedia.org/wiki/Ecuador
ee,Estonia,Tallinn,https://en.wikipedia.org/wiki/Estonia,Estonia,Tallinn,https://nl.wikipedia.org/wiki/Estonia,Estonia,Tallinn,https://it.wikipedia.org/wiki/Estonia
eg,Egypt,Cairo,https://en.wikipedia.org/wiki/Egypt,Egypt,Cairo,https://nl.wikipedia.org/wiki/Egypt,Egypt,Cairo,https://it.wikipedia.org/wiki/Egypt
eh,Western Sahara,El Aaiún,https://en.wikipedia.org/wiki/Western%20Sahara,Western Sahara,El Aaiún,https://nl.wikipedia.org/wiki/Western%20Sahara,Western Sahara,El Aaiún,https://it.wikipedia.org/wiki/Western%20Sahara
er,Eritrea,Asmara,https://en.wikipedia.org/wiki/Eritrea,Eritrea,Asmara,https://nl.wikipedia.org/wiki/Eritrea,Eritrea,Asmara,https://it.wikipedia.org/wiki/Eritrea
es,Spain,Madrid,https://en.wikipedia.org/wiki/Spain,Spain,Madrid,https://nl.wikipedia.org/wiki/Spain,Spain,Madrid,https://it.wikipedia.org/wiki/Spain
et,Ethiopia,Addis Ababa,https://en.wikipedia.org/wiki/Ethiopia,Ethiopia,Addis Ababa,https://nl.wikipedia.org/wiki/Ethiopia,Ethiopia,Addis Ababa,https://it.wikipedia.org/wiki/Ethiopia
fi,Finland,Helsinki,https://en.wikipedia.org/wiki/Finland,Finland,Helsinki,https://nl.wikipedia.org/wiki/Finland,Finland,Helsinki,https://it.wikipedia.org/wiki/Finland
fj,Fiji,Suva,https://en.wikipedia.org/wiki/Fiji,Fiji,Suva,https://nl.wikipedia.org/wiki/Fiji,Fiji,Suva,https://it.wikipedia.org/wiki/Fiji
fk,Falkland Islands,Stanley,https://en.wikipedia.org/wiki/Falkland%20Islands,Falkland Islands,Stanley,https://nl.wikipedia.org/wiki/Falkland%20Islands,Falkland Islands,Stanley,https://it.wikipedia.org/wiki/Falkland%20Islands
fm,Micronesia,Palikir,https://en.wikipedia.org/wiki/Micronesia,Micronesia,Palikir,https://nl.wikipedia.org/wiki/Micronesia,Micronesia,Palikir,https://it.wikipedia.org/wiki/Micronesia
fo,Faroe Islands,Tórshavn,https://en.wikipedia.org/wiki/Faroe%20Islands,Faroe Islands,Tórshavn,https://nl.wikipedia.org/wiki/Faroe%20Islands,Faroe Islands,Tórshavn,https://it.wikipedia.org/wiki/Faroe%20Islands
fr,France,Paris,https://en.wikipedia.org/wiki/France,France,Paris,https://nl.wikipedia.org/wiki/France,France,Paris,https://it.wikipedia.org/wiki/France
ga,Gabon,Libreville,https://en.wikipedia.org/wiki/Gabon,Gabon,Libreville,https://nl.wikipedia.org/wiki/Gabon,Gabon,Libreville,https://it.wikipedia.org/wiki/Gabon
gb,United Kingdom,London,https://en.wikipedia.org/wiki/United%20Kingdom,United Kingdom,London,https://nl.wikipedia.org/wiki/United%20Kingdom,United Kingdom,London,https://it.wikipedia.org/wiki/United%20Kingdom
gd,Grenada,St. George's,https://en.wikipedia.org/wiki/Grenada,Grenada,St. George's,https://nl.wikipedia.org/wiki/Grenada,Grenada,St. George's,https://it.wikipedia.org/wiki/Grenada
ge,Georgia,Tbilisi,https://en.wikipedia.org/wiki/Georgia,Georgia,Tbilisi,https://nl.wikipedia.org/wiki/Georgia,Georgia,Tbilisi,https://it.wikipedia.org/wiki/Georgia
gf,French Guiana,Cayenne,https://en.wikipedia.org/wiki/French%20Guiana,French Guiana,Cayenne,https://nl.wikipedia.org/wiki/French%20Guiana,French Guiana,Cayenne,https://it.wikipedia.org/wiki/French%20Guiana
gg,Guernsey,St. Peter Port,https://en.wikipedia.org/wiki/Guernsey,Guernsey,St. Peter Port,https://nl.wikipedia.org/wiki/Guernsey,Guernsey,St. Peter Port,https://it.wikipedia.org/wiki/Guernsey
gh,Ghana,Accra,https://en.wikipedia.org/wiki/Ghana,Ghana,Accra,https://nl.wikipedia.org/wiki/Ghana,Ghana,Accra,https://it.wikipedia.org/wiki/Ghana
gi,Gibraltar,Gibraltar,https://en.wikipedia.org/wiki/Gibraltar,Gibraltar,Gibraltar,https://nl.wikipedia.org/wiki/Gibraltar,Gibraltar,Gibraltar,https://it.wikipedia.org/wiki/Gibraltar
gl,Greenland,Nuuk,https://en.wikipedia.org/wiki/Greenland,Greenland,Nuuk,https://nl.wikipedia.org/wiki/Greenland,Greenland,Nuuk,https://it.wikipedia.org/wiki/Greenland
gm,Gambia,Banjul,https://en.wikipedia.org/wiki/Gambia,Gambia,Banjul,https://nl.wikipedia.org/wiki/Gambia,Gambia,Banjul,https://it.wikipedia.org/wiki/Gambia
gn,Guinea,Conakry,https://en.wikipedia.org/wiki/Guinea,Guinea,Conakry,https://nl.wikipedia.org/wiki/Guinea,Guinea,Conakry,https://it.wikipedia.org/wiki/Guinea
gp,Guadeloupe,Basse-Terre,https://en.wikipedia.org/wiki/Guadeloupe,Guadeloupe,Basse-Terre,https://nl.wikipedia.org/wiki/Guadeloupe,Guadeloupe,Basse-Terre,https://it.wikipedia.org/wiki/Guadeloupe
gq,Equatorial Guinea,Malabo,https://en.wikipedia.org/wiki/Equatorial%20Guinea,Equatorial Guinea,Malabo,https://nl.wikipedia.org/wiki/Equatorial%20Guinea,Equatorial Guinea,Malabo,https://it.wikipedia.org/wiki/Equatorial%20Guinea
gr,Greece,Athens,https://en.wikipedia.org/wiki/Greece,Greece,Athens,https://nl.wikipedia.org/wiki/Greece,Greece,Athens,https://it.wikipedia.org/wiki/Greece
gs,South Georgia,King Edward Point,https://en.wikipedia.org/wiki/South%20Georgia,South Georgia,King Edward Point,https://nl.wikipedia.org/wiki/South%20Georgia,South Georgia,King Edward Point,https://it.wikipedia.org/wiki/South%20Georgia
gt,Guatemala,Guatemala City,https://en.wikipedia.org/wiki/Guatemala,Guatemala,Guatemala City,https://nl.wikipedia.org/wiki/Guatemala,Guatemala,Guatemala City,https://it.wikipedia.org/wiki/Guatemala
gu,Guam,Hagåtña,https://en.wikipedia.org/wiki/Guam,Guam,Hagåtña,https://nl.wikipedia.org/wiki/Guam,Guam,Hagåtña,https://it.wikipedia.org/wiki/Guam
gw,Guinea-Bissau,Bissau,https://en.wikipedia.org/wiki/Guinea-Bissau,Guinea-Bissau,Bissau,https://nl.wikipedia.org/wiki/Guinea-Bissau,Guinea-Bissau,Bissau,https://it.wikipedia.org/wiki/Guinea-Bissau
gy,Guyana,Georgetown,https://en.wikipedia.org/wiki/Guyana,Guyana,Georgetown,https://nl.wikipedia.org/wiki/Guyana,Guyana,Georgetown,https://it.wikipedia.org/wiki/Guyana
hk,Hong Kong,City of Victoria,https://en.wikipedia.org/wiki/Hong%20Kong,Hong Kong,City of Victoria,https://nl.wikipedia.org/wiki/Hong%20Kong,Hong Kong,City of Victoria,https://it.wikipedia.org/wiki/Hong%20Kong
hm,Heard Island and McDonald Islands,,https://en.wikipedia.org/wiki/Heard%20Island%20and%20McDonald%20Islands,Heard Island and McDonald Islands,,https://nl.wikipedia.org/wiki/Heard%20Island%20and%20McDonald%20Islands,Heard Island and McDonald Islands,,https://it.wikipedia.org/wiki/Heard%20Island%20and%20McDonald%20Islands
hn,Honduras,Tegucigalpa,https://en.wikipedia.org/wiki/Honduras,Honduras,Tegucigalpa,https://nl.wikipedia.org/wiki/Honduras,Honduras,Tegucigalpa,https://it.wikipedia.org/wiki/Honduras
hr,Croatia,Zagreb,https://en.wikipedia.org/wiki/Croatia,Croatia,Zagreb,https://nl.wikipedia.org/wiki/Croatia,Croatia,Zagreb,https://it.wikipedia.org/wiki/Croatia
ht,Haiti,Port-au-Prince,https://en.wikipedia.org/wiki/Haiti,Haiti,Port-au-Prince,https://nl.wikipedia.org/wiki/Haiti,Haiti,Port-au-Prince,https://it.wikipedia.org/wiki/Haiti
hu,Hungary,Budapest,https://en.wikipedia.org/wiki/Hungary,Hungary,Budapest,https://nl.wikipedia.org/wiki/Hungary,Hungary,Budapest,https://it.wikipedia.org/wiki/Hungary
id,Indonesia,Jakarta,https://en.wikipedia.org/wiki/Indonesia,Indonesia,Jakarta,https://nl.wikipedia.org/wiki/Indonesia,Indonesia,Jakarta,https://it.wikipedia.org/wiki/Indonesia
ie,Ireland,Dublin,https://en.wikipedia.org/wiki/Ireland,Ireland,Dublin,https://nl.wikipedia.org/wiki/Ireland,Ireland,Dublin,https://it.wikipedia.org/wiki/Ireland
il,Israel,Jerusalem,https://en.wikipedia.org/wiki/Israel,Israel,Jerusalem,https://nl.wikipedia.org/wiki/Israel,Israel,Jerusalem,https://it.wikipedia.org/wiki/Israel
im,Isle of Man,Douglas,https://en.wikipedia.org/wiki/Isle%20of%20Man,Isle of Man,Douglas,https://nl.wikipedia.org/wiki/Isle%20of%20Man,Isle of Man,Douglas,https://it.wikipedia.org/wiki/Isle%20of%20Man
in,India,New Delhi,https://en.wikipedia.org/wiki/India,India,New Delhi,https://nl.wikipedia.org/wiki/India,India,New Delhi,https://it.wikipedia.org/wiki/India
io,British Indian Ocean Territory,Diego Garcia,https://en.wikipedia.org/wiki/British%20Indian%20Ocean%20Territory,British Indian Ocean Territory,Diego Garcia,https://nl.wikipedia.org/wiki/British%20Indian%20Ocean%20Territory,British Indian Ocean Territory,Diego Garcia,https://it.wikipedia.org/wiki/British%20Indian%20Ocean%20Territory
iq,Iraq,Baghdad,https://en.wikipedia.org/wiki/Iraq,Iraq,Baghdad,https://nl.wikipedia.org/wiki/Iraq,Iraq,Baghdad,https://it.wikipedia.org/wiki/Iraq
ir,Iran,Tehran,https://en.wikipedia.org/wiki/Iran,Iran,Tehran,https://nl.wikipedia.org/wiki/Iran,Iran,Tehran,https://it.wikipedia.org/wiki/Iran
is,Iceland,Reykjavik,https://en.wikipedia.org/wiki/Iceland,Iceland,Reykjavik,https://nl.wikipedia.org/wiki/Iceland,Iceland,Reykjavik,https://it.wikipedia.org/wiki/Iceland
it,Italy,Rome,https://en.wikipedia.org/wiki/Italy,Italy,Rome,https://nl.wikipedia.org/wiki/Italy,Italy,Rome,https://it.wikipedia.org/wiki/Italy
je,Jersey,Saint Helier,https://en.wikipedia.org/wiki/Jersey,Jersey,Saint Helier,https://nl.wikipedia.org/wiki/Jersey,Jersey,Saint Helier,https://it.wikipedia.org/wiki/Jersey
jm,Jamaica,Kingston,https://en.wikipedia.org/wiki/Jamaica,Jamaica,Kingston,https://nl.wikipedia.org/wiki/Jamaica,Jamaica,Kingston,https://it.wikipedia.org/wiki/Jamaica
jo,Jordan,Amman,https://en.wikipedia.org/wiki/Jordan,Jordan,Amman,https://nl.wikipedia.org/wiki/Jordan,Jordan,Amman,https://it.wikipedia.org/wiki/Jordan
jp,Japan,Tokyo,https://en.wikipedia.org/wiki/Japan,Japan,Tokyo,https://nl.wikipedia.org/wiki/Japan,Japan,Tokyo,https://it.wikipedia.org/wiki/Japan
ke,Kenya,Nairobi,https://en.wikipedia.org/wiki/Kenya,Kenya,Nairobi,https://nl.wikipedia.org/wiki/Kenya,Kenya,Nairobi,https://it.wikipedia.org/wiki/Kenya
kg,Kyrgyzstan,Bishkek,https://en.wikipedia.org/wiki/Kyrgyzstan,Kyrgyzstan,Bishkek,https://nl.wikipedia.org/wiki/Kyrgyzstan,Kyrgyzstan,Bishkek,https://it.wikipedia.org/wiki/Kyrgyzstan
kh,Cambodia,Phnom Penh,https://en.wikipedia.org/wiki/Cambodia,Cambodia,Phnom Penh,https://nl.wikipedia.org/wiki/Cambodia,Cambodia,Phnom Penh,https://it.wikipedia.org/wiki/Cambodia
ki,Kiribati,South Tarawa,https://en.wikipedia.org/wiki/Kiribati,Kiribati,South Tarawa,https://nl.wikipedia.org/wiki/Kiribati,Kiribati,South Tarawa,https://it.wikipedia.org/wiki/Kiribati
km,Comoros,Moroni,https://en.wikipedia.org/wiki/Comoros,Comoros,Moroni,https://nl.wikipedia.org/wiki/Comoros,Comoros,Moroni,https://it.wikipedia.org/wiki/Comoros
kn,Saint Kitts and Nevis,Basseterre,https://en.wikipedia.org/wiki/Saint%20Kitts%20and%20Nevis,Saint Kitts and Nevis,Basseterre,https://nl.wikipedia.org/wiki/Saint%20Kitts%20and%20Nevis,Saint Kitts and Nevis,Basseterre,https://it.wikipedia.org/wiki/Saint%20Kitts%20and%20Nevis
kp,North Korea,Pyongyang,https://en.wikipedia.org/wiki/North%20Korea,North Korea,Pyongyang,https://nl.wikipedia.org/wiki/North%20Korea,North Korea,Pyongyang,https://it.wikipedia.org/wiki/North%20Korea
kr,South Korea,Seoul,https://en.wikipedia.org/wiki/South%20Korea,South Korea,Seoul,https://nl.wikipedia.org/wiki/South%20Korea,South Korea,Seoul,https://it.wikipedia.org/wiki/South%20Korea
kw,Kuwait,Kuwait City,https://en.wikipedia.org/wiki/Kuwait,Kuwait,Kuwait City,https://nl.wikipedia.org/wiki/Kuwait,Kuwait,Kuwait City,https://it.wikipedia.org/wiki/Kuwait
ky,Cayman Islands,George Town,https://en.wikipedia.org/wiki/Cayman%20Islands,Cayman Islands,George Town,https://nl.wikipedia.org/wiki/Cayman%20Islands,Cayman Islands,George Town,https://it.wikipedia.org/wiki/Cayman%20Islands
kz,Kazakhstan,Nur-Sultan,https://en.wikipedia.org/wiki/Kazakhstan,Kazakhstan,Nur-Sultan,https://nl.wikipedia.org/wiki/Kazakhstan,Kazakhstan,Nur-Sultan,https://it.wikipedia.org/wiki/Kazakhstan
la,Laos,Vientiane,https://en.wikipedia.org/wiki/Laos,Laos,Vientiane,https://nl.wikipedia.org/wiki/Laos,Laos,Vientiane,https://it.wikipedia.org/wiki/Laos
lb,Lebanon,Beirut,https://en.wikipedia.org/wiki/Lebanon,Lebanon,Beirut,https://nl.wikipedia.org/wiki/Lebanon,Lebanon,Beirut,https://it.wikipedia.org/wiki/Lebanon
lc,Saint Lucia,Castries,https://en.wikipedia.org/wiki/Saint%20Lucia,Saint Lucia,Castries,https://nl.wikipedia.org/wiki/Saint%20Lucia,Saint Lucia,Castries,https://it.wikipedia.org/wiki/Saint%20Lucia
li,Liechtenstein,Vaduz,https://en.wikipedia.org/wiki/Liechtenstein,Liechtenstein,Vaduz,https://nl.wikipedia.org/wiki/Liechtenstein,Liechtenstein,Vaduz,https://it.wikipedia.org/wiki/Liechtenstein
lk,Sri Lanka,Sri Jayawardenepura Kotte,https://en.wikipedia.org/wiki/Sri%20Lanka,Sri Lanka,Sri Jayawardenepura Kotte,https://nl.wikipedia.org/wiki/Sri%20Lanka,Sri Lanka,Sri Jayawardenepura Kotte,https://it.wikipedia.org/wiki/Sri%20Lanka
lr,Liberia,Monrovia,https://en.wikipedia.org/wiki/Liberia,Liberia,Monrovia,https://nl.wikipedia.org/wiki/Liberia,Liberia,Monrovia,https://it.wikipedia.org/wiki/Liberia
ls,Lesotho,Maseru,https://en.wikipedia.org/wiki/Lesotho,Lesotho,Maseru,https://nl.wikipedia.org/wiki/Lesotho,Lesotho,Maseru,https://it.wikipedia.org/wiki/Lesotho
lt,Lithuania,Vilnius,https://en.wikipedia.org/wiki/Lithuania,Lithuania,Vilnius,https://nl.wikipedia.org/wiki/Lithuania,Lithuania,Vilnius,https://it.wikipedia.org/wiki/Lithuania
lu,Luxembourg,Luxembourg,https://en.wikipedia.org/wiki/Luxembourg,Luxembourg,Luxembourg,https://nl.wikipedia.org/wiki/Luxembourg,Luxembourg,Luxembourg,https://it.wikipedia.org/wiki/Luxembourg
lv,Latvia,Riga,https://en.wikipedia.org/wiki/Latvia,Latvia,Riga,https://nl.wikipedia.org/wiki/Latvia,Latvia,Riga,https://it.wikipedia.org/wiki/Latvia
ly,Libya,Tripoli,https://en.wikipedia.org/wiki/Libya,Libya,Tripoli,https://nl.wikipedia.org/wiki/Libya,Libya,Tripoli,https://it.wikipedia.org/wiki/Libya
ma,Morocco,Rabat,https://en.wikipedia.org/wiki/Morocco,Morocco,Rabat,https://nl.wikipedia.org/wiki/Morocco,Morocco,Rabat,https://it.wikipedia.org/wiki/Morocco
mc,Monaco,Monaco,https://en.wikipedia.org/wiki/Monaco,Monaco,Monaco,https://nl.wikipedia.org/wiki/Monaco,Monaco,Monaco,https://it.wikipedia.org/wiki/Monaco
md,Moldova,Chișinău,https://en.wikipedia.org/wiki/Moldova,Moldova,Chișinău,https://nl.wikipedia.org/wiki/Moldova,Moldova,Chișinău,https://it.wikipedia.org/wiki/Moldova
me,Montenegro,Podgorica,https://en.wikipedia.org/wiki/Montenegro,Montenegro,Podgorica,https://nl.wikipedia.org/wiki/Montenegro,Montenegro,Podgorica,https://it.wikipedia.org/wiki/Montenegro
mf,Saint Martin,Marigot,https://en.wikipedia.org/wiki/Saint%20Martin,Saint Martin,Marigot,https://nl.wikipedia.org/wiki/Saint%20Martin,Saint Martin,Marigot,https://it.wikipedia.org/wiki/Saint%20Martin
mg,Madagascar,Antananarivo,https://en.wikipedia.org/wiki/Madagascar,Madagascar,Antananarivo,https://nl.wikipedia.org/wiki/Madagascar,Madagascar,Antananarivo,https://it.wikipedia.org/wiki/Madagascar
mh,Marshall Islands,Majuro,https://en.wikipedia.org/wiki/Marshall%20Islands,Marshall Islands,Majuro,https://nl.wikipedia.org/wiki/Marshall%20Islands,Marshall Islands,Majuro,https://it.wikipedia.org/wiki/Marshall%20Islands
mk,North Macedonia,Skopje,https://en.wikipedia.org/wiki/North%20Macedonia,North Macedonia,Skopje,https://nl.wikipedia.org/wiki/North%20Macedonia,North Macedonia,Skopje,https://it.wikipedia.org/wiki/North%20Macedonia
ml,Mali,Bamako,https://en.wikipedia.org/wiki/Mali,Mali,Bamako,https://nl.wikipedia.org/wiki/Mali,Mali,Bamako,https://it.wikipedia.org/wiki/Mali
mm,Myanmar,Naypyidaw,https://en.wikipedia.org/wiki/Myanmar,Myanmar,Naypyidaw,https://nl.wikipedia.org/wiki/Myanmar,Myanmar,Naypyidaw,https://it.wikipedia.org/wiki/Myanmar
mn,Mongolia,Ulan Bator,https://en.wikipedia.org/wiki/Mongolia,Mongolia,Ulan Bator,https://nl.wikipedia.org/wiki/Mongolia,Mongolia,Ulan Bator,https://it.wikipedia.org/wiki/Mongolia
mo,Macau,,https://en.wikipedia.org/wiki/Macau,Macau,,https://nl.wikipedia.org/wiki/Macau,Macau,,https://it.wikipedia.org/wiki/Macau
mp,Northern Mariana Islands,Saipan,https://en.wikipedia.org/wiki/Northern%20Mariana%20Islands,Northern Mariana Islands,Saipan,https://nl.wikipedia.org/wiki/Northern%20Mariana%20Islands,Northern Mariana Islands,Saipan,https://it.wikipedia.org/wiki/Northern%20Mariana%20Islands
mq,Martinique,Fort-de-France,https://en.wikipedia.org/wiki/Martinique,Martinique,Fort-de-France,https://nl.wikipedia.org/wiki/Martinique,Martinique,Fort-de-France,https://it.wikipedia.org/wiki/Martinique
mr,Mauritania,Nouakchott,https://en.wikipedia.org/wiki/Mauritania,Mauritania,Nouakchott,https://nl.wikipedia.org/wiki/Mauritania,Mauritania,Nouakchott,https://it.wikipedia.org/wiki/Mauritania
ms,Montserrat,Plymouth,https://en.wikipedia.org/wiki/Montserrat,Montserrat,Plymouth,https://nl.wikipedia.org/wiki/Montserrat,Montserrat,Plymouth,https://it.wikipedia.org/wiki/Montserrat
mt,Malta,Valletta,https://en.wikipedia.org/wiki/Malta,Malta,Valletta,https://nl.wikipedia.org/wiki/Malta,Malta,Valletta,https://it.wikipedia.org/wiki/Malta
mu,Mauritius,Port Louis,https://en.wikipedia.org/wiki/Mauritius,Mauritius,Port Louis,https://nl.wikipedia.org/wiki/Mauritius,Mauritius,Port Louis,https://it.wikipedia.org/wiki/Mauritius
mv,Maldives,Malé,https://en.wikipedia.org/wiki/Maldives,Maldives,Malé,https://nl.wikipedia.org/wiki/Maldives,Maldives,Malé,https://it.wikipedia.org/wiki/Maldives
mw,Malawi,Lilongwe,https://en.wikipedia.org/wiki/Malawi,Malawi,Lilongwe,https://nl.wikipedia.org/wiki/Malawi,Malawi,Lilongwe,https://it.wikipedia.org/wiki/Malawi
mx,Mexico,Mexico City,https://en.wikipedia.org/wiki/Mexico,Mexico,Mexico City,https://nl.wikipedia.org/wiki/Mexico,Mexico,Mexico City,https://it.wikipedia.org/wiki/Mexico
my,Malaysia,Kuala Lumpur,https://en.wikipedia.org/wiki/Malaysia,Malaysia,Kuala Lumpur,https://nl.wikipedia.org/wiki/Malaysia,Malaysia,Kuala Lumpur,https://it.wikipedia.org/wiki/Malaysia
mz,Mozambique,Maputo,https://en.wikipedia.org/wiki/Mozambique,Mozambique,Maputo,https://nl.wikipedia.org/wiki/Mozambique,Mozambique,Maputo,https://it.wikipedia.org/wiki/Mozambique
na,Namibia,Windhoek,https://en.wikipedia.org/wiki/Namibia,Namibia,Windhoek,https://nl.wikipedia.org/wiki/Namibia,Namibia,Windhoek,https://it.wikipedia.org/wiki/Namibia
nc,New Caledonia,Nouméa,https://en.wikipedia.org/wiki/New%20Caledonia,New Caledonia,Nouméa,https://nl.wikipedia.org/wiki/New%20Caledonia,New Caledonia,Nouméa,https://it.wikipedia.org/wiki/New%20Caledonia
ne,Niger,Niamey,https://en.wikipedia.org/wiki/Niger,Niger,Niamey,https://nl.wikipedia.org/wiki/Niger,Niger,Niamey,https://it.wikipedia.org/wiki/Niger
nf,Norfolk Island,Kingston,https://en.wikipedia.org/wiki/Norfolk%20Island,Norfolk Island,Kingston,https://nl.wikipedia.org/wiki/Norfolk%20Island,Norfolk Island,Kingston,https://it.wikipedia.org/wiki/Norfolk%20Island
ng,Nigeria,Abuja,https://en.wikipedia.org/wiki/Nigeria,Nigeria,Abuja,https://nl.wikipedia.org/wiki/Nigeria,Nigeria,Abuja,https://it.wikipedia.org/wiki/Nigeria
ni,Nicaragua,Managua,https://en.wikipedia.org/wiki/Nicaragua,Nicaragua,Managua,https://nl.wikipedia.org/wiki/Nicaragua,Nicaragua,Managua,https://it.wikipedia.org/wiki/Nicaragua
nl,Netherlands,Amsterdam,https://en.wikipedia.org/wiki/Netherlands,Netherlands,Amsterdam,https://nl.wikipedia.org/wiki/Netherlands,Netherlands,Amsterdam,https://it.wikipedia.org/wiki/Netherlands
no,Norway,Oslo,https://en.wikipedia.org/wiki/Norway,Norway,Oslo,https://nl.wikipedia.org/wiki/Norway,Norway,Oslo,https://it.wikipedia.org/wiki/Norway
np,Nepal,Kathmandu,https://en.wikipedia.org/wiki/Nepal,Nepal,Kathmandu,https://nl.wikipedia.org/wiki/Nepal,Nepal,Kathmandu,https://it.wikipedia.org/wiki/Nepal
nr,Nauru,Yaren,https://en.wikipedia.org/wiki/Nauru,Nauru,Yaren,https://nl.wikipedia.org/wiki/Nauru,Nauru,Yaren,https://it.wikipedia.org/wiki/Nauru
nu,Niue,Alofi,https://en.wikipedia.org/wiki/Niue,Niue,Alofi,https://nl.wikipedia.org/wiki/Niue,Niue,Alofi,https://it.wikipedia.org/wiki/Niue
nz,New Zealand,Wellington,https://en.wikipedia.org/wiki/New%20Zealand,New Zealand,Wellington,https://nl.wikipedia.org/wiki/New%20Zealand,New Zealand,Wellington,https://it.wikipedia.org/wiki/New%20Zealand
om,Oman,Muscat,https://en.wikipedia.org/wiki/Oman,Oman,Muscat,https://nl.wikipedia.org/wiki/Oman,Oman,Muscat,https://it.wikipedia.org/wiki/Oman
pa,Panama,Panama City,https://en.wikipedia.org/wiki/Panama,Panama,Panama City,https://nl.wikipedia.org/wiki/Panama,Panama,Panama City,https://it.wikipedia.org/wiki/Panama
pe,Peru,Lima,https://en.wikipedia.org/wiki/Peru,Peru,Lima,https://nl.wikipedia.org/wiki/Peru,Peru,Lima,https://it.wikipedia.org/wiki/Peru
pf,French Polynesia,Papeetē,https://en.wikipedia.org/wiki/French%20Polynesia,French Polynesia,Papeetē,https://nl.wikipedia.org/wiki/French%20Polynesia,French Polynesia,Papeetē,https://it.wikipedia.org/wiki/French%20Polynesia
pg,Papua New Guinea,Port Moresby,https://en.wikipedia.org/wiki/Papua%20New%20Guinea,Papua New Guinea,Port Moresby,https://nl.wikipedia.org/wiki/Papua%20New%20Guinea,Papua New Guinea,Port Moresby,https://it.wikipedia.org/wiki/Papua%20New%20Guinea
ph,Philippines,Manila,https://en.wikipedia.org/wiki/Philippines,Philippines,Manila,https://nl.wikipedia.org/wiki/Philippines,Philippines,Manila,https://it.wikipedia.org/wiki/Philippines
pk,Pakistan,Islamabad,https://en.wikipedia.org/wiki/Pakistan,Pakistan,Islamabad,https://nl.wikipedia.org/wiki/Pakistan,Pakistan,Islamabad,https://it.wikipedia.org/wiki/Pakistan
pl,Poland,Warsaw,https://en.wikipedia.org/wiki/Poland,Poland,Warsaw,https://nl.wikipedia.org/wiki/Poland,Poland,Warsaw,https://it.wikipedia.org/wiki/Poland
pm,Saint Pierre and Miquelon,Saint-Pierre,https://en.wikipedia.org/wiki/Saint%20Pierre%20and%20Miquelon,Saint Pierre and Miquelon,Saint-Pierre,https://nl.wikipedia.org/wiki/Saint%20Pierre%20and%20Miquelon,Saint Pierre and Miquelon,Saint-Pierre,https://it.wikipedia.org/wiki/Saint%20Pierre%20and%20Miquelon
pn,Pitcairn Islands,Adamstown,https://en.wikipedia.org/wiki/Pitcairn%20Islands,Pitcairn Islands,Adamstown,https://nl.wikipedia.org/wiki/Pitcairn%20Islands,Pitcairn Islands,Adamstown,https://it.wikipedia.org/wiki/Pitcairn%20Islands
pr,Puerto Rico,San Juan,https://en.wikipedia.org/wiki/Puerto%20Rico,Puerto Rico,San Juan,https://nl.wikipedia.org/wiki/Puerto%20Rico,Puerto Rico,San Juan,https://it.wikipedia.org/wiki/Puerto%20Rico
ps,Palestine,Ramallah,https://en.wikipedia.org/wiki/Palestine,Palestine,Ramallah,https://nl.wikipedia.org/wiki/Palestine,Palestine,Ramallah,https://it.wikipedia.org/wiki/Palestine
pt,Portugal,Lisbon,https://en.wikipedia.org/wiki/Portugal,Portugal,Lisbon,https://nl.wikipedia.org/wiki/Portugal,Portugal,Lisbon,https://it.wikipedia.org/wiki/Portugal
pw,Palau,Ngerulmud,https://en.wikipedia.org/wiki/Palau,Palau,Ngerulmud,https://nl.wikipedia.org/wiki/Palau,Palau,Ngerulmud,https://it.wikipedia.org/wiki/Palau
py,Paraguay,Asunción,https://en.wikipedia.org/wiki/Paraguay,Paraguay,Asunción,https://nl.wikipedia.org/wiki/Paraguay,Paraguay,Asunción,https://it.wikipedia.org/wiki/Paraguay
qa,Qatar,Doha,https://en.wikipedia.org/wiki/Qatar,Qatar,Doha,https://nl.wikipedia.org/wiki/Qatar,Qatar,Doha,https://it.wikipedia.org/wiki/Qatar
re,Réunion,Saint-Denis,https://en.wikipedia.org/wiki/R%C3%A9union,Réunion,Saint-Denis,https://nl.wikipedia.org/wiki/R%C3%A9union,Réunion,Saint-Denis,https://it.wikipedia.org/wiki/R%C3%A9union
ro,Romania,Bucharest,https://en.wikipedia.org/wiki/Romania,Romania,Bucharest,https://nl.wikipedia.org/wiki/Romania,Romania,Bucharest,https://it.wikipedia.org/wiki/Romania
rs,Serbia,Belgrade,https://en.wikipedia.org/wiki/Serbia,Serbia,Belgrade,https://nl.wikipedia.org/wiki/Serbia,Serbia,Belgrade,https://it.wikipedia.org/wiki/Serbia
ru,Russia,Moscow,https://en.wikipedia.org/wiki/Russia,Russia,Moscow,https://nl.wikipedia.org/wiki/Russia,Russia,Moscow,https://it.wikipedia.org/wiki/Russia
rw,Rwanda,Kigali,https://en.wikipedia.org/wiki/Rwanda,Rwanda,Kigali,https://nl.wikipedia.org/wiki/Rwanda,Rwanda,Kigali,https://it.wikipedia.org/wiki/Rwanda
sa,Saudi Arabia,Riyadh,https://en.wikipedia.org/wiki/Saudi%20Arabia,Saudi Arabia,Riyadh,https://nl.wikipedia.org/wiki/Saudi%20Arabia,Saudi Arabia,Riyadh,https://it.wikipedia.org/wiki/Saudi%20Arabia
sb,Solomon Islands,Honiara,https://en.wikipedia.org/wiki/Solomon%20Islands,Solomon Islands,Honiara,https://nl.wikipedia.org/wiki/Solomon%20Islands,Solomon Islands,Honiara,https://it.wikipedia.org/wiki/Solomon%20Islands
sc,Seychelles,Victoria,https://en.wikipedia.org/wiki/Seychelles,Seychelles,Victoria,https://nl.wikipedia.org/wiki/Seychelles,Seychelles,Victoria,https://it.wikipedia.org/wiki/Seychelles
sd,Sudan,Khartoum,https://en.wikipedia.org/wiki/Sudan,Sudan,Khartoum,https://nl.wikipedia.org/wiki/Sudan,Sudan,Khartoum,https://it.wikipedia.org/wiki/Sudan
se,Sweden,Stockholm,https://en.wikipedia.org/wiki/Sweden,Sweden,Stockholm,https://nl.wikipedia.org/wiki/Sweden,Sweden,Stockholm,https://it.wikipedia.org/wiki/Sweden
sg,Singapore,Singapore,https://en.wikipedia.org/wiki/Singapore,Singapore,Singapore,https://nl.wikipedia.org/wiki/Singapore,Singapore,Singapore,https://it.wikipedia.org/wiki/Singapore
sh,Saint Helena, Ascension and Tristan da Cunha,Jamestown,https://en.wikipedia.org/wiki/Saint%20Helena%2C%20Ascension%20and%20Tristan%20da%20Cunha,Saint Helena, Ascension and Tristan da Cunha,Jamestown,https://nl.wikipedia.org/wiki/Saint%20Helena%2C%20Ascension%20and%20Tristan%20da%20Cunha,Saint Helena, Ascension and Tristan da Cunha,Jamestown,https://it.wikipedia.org/wiki/Saint%20Helena%2C%20Ascension%20and%20Tristan%20da%20Cunha
si,Slovenia,Ljubljana,https://en.wikipedia.org/wiki/Slovenia,Slovenia,Ljubljana,https://nl.wikipedia.org/wiki/Slovenia,Slovenia,Ljubljana,https://it.wikipedia.org/wiki/Slovenia
sj,Svalbard and Jan Mayen,Longyearbyen,https://en.wikipedia.org/wiki/Svalbard%20and%20Jan%20Mayen,Svalbard and Jan Mayen,Longyearbyen,https://nl.wikipedia.org/wiki/Svalbard%20and%20Jan%20Mayen,Svalbard and Jan Mayen,Longyearbyen,https://it.wikipedia.org/wiki/Svalbard%20and%20Jan%20Mayen
sk,Slovakia,Bratislava,https://en.wikipedia.org/wiki/Slovakia,Slovakia,Bratislava,https://nl.wikipedia.org/wiki/Slovakia,Slovakia,Bratislava,https://it.wikipedia.org/wiki/Slovakia
sl,Sierra Leone,Freetown,https://en.wikipedia.org/wiki/Sierra%20Leone,Sierra Leone,Freetown,https://nl.wikipedia.org/wiki/Sierra%20Leone,Sierra Leone,Freetown,https://it.wikipedia.org/wiki/Sierra%20Leone
sm,San Marino,City of San Marino,https://en.wikipedia.org/wiki/San%20Marino,San Marino,City of San Marino,https://nl.wikipedia.org/wiki/San%20Marino,San Marino,City of San Marino,https://it.wikipedia.org/wiki/San%20Marino
sn,Senegal,Dakar,https://en.wikipedia.org/wiki/Senegal,Senegal,Dakar,https://nl.wikipedia.org/wiki/Senegal,Senegal,Dakar,https://it.wikipedia.org/wiki/Senegal
so,Somalia,Mogadishu,https://en.wikipedia.org/wiki/Somalia,Somalia,Mogadishu,https://nl.wikipedia.org/wiki/Somalia,Somalia,Mogadishu,https://it.wikipedia.org/wiki/Somalia
sr,Suriname,Paramaribo,https://en.wikipedia.org/wiki/Suriname,Suriname,Paramaribo,https://nl.wikipedia.org/wiki/Suriname,Suriname,Paramaribo,https://it.wikipedia.org/wiki/Suriname
ss,South Sudan,Juba,https://en.wikipedia.org/wiki/South%20Sudan,South Sudan,Juba,https://nl.wikipedia.org/wiki/South%20Sudan,South Sudan,Juba,https://it.wikipedia.org/wiki/South%20Sudan
st,São Tomé and Príncipe,São Tomé,https://en.wikipedia.org/wiki/S%C3%A3o%20Tom%C3%A9%20and%20Pr%C3%ADncipe,São Tomé and Príncipe,São Tomé,https://nl.wikipedia.org/wiki/S%C3%A3o%20Tom%C3%A9%20and%20Pr%C3%ADncipe,São Tomé and Príncipe,São Tomé,https://it.wikipedia.org/wiki/S%C3%A3o%20Tom%C3%A9%20and%20Pr%C3%ADncipe
sv,El Salvador,San Salvador,https://en.wikipedia.org/wiki/El%20Salvador,El Salvador,San Salvador,https://nl.wikipedia.org/wiki/El%20Salvador,El Salvador,San Salvador,https://it.wikipedia.org/wiki/El%20Salvador
sx,Sint Maarten,Philipsburg,https://en.wikipedia.org/wiki/Sint%20Maarten,Sint Maarten,Philipsburg,https://nl.wikipedia.org/wiki/Sint%20Maarten,Sint Maarten,Philipsburg,https://it.wikipedia.org/wiki/Sint%20Maarten
sy,Syria,Damascus,https://en.wikipedia.org/wiki/Syria,Syria,Damascus,https://nl.wikipedia.org/wiki/Syria,Syria,Damascus,https://it.wikipedia.org/wiki/Syria
sz,Eswatini,Mbabane,https://en.wikipedia.org/wiki/Eswatini,Eswatini,Mbabane,https://nl.wikipedia.org/wiki/Eswatini,Eswatini,Mbabane,https://it.wikipedia.org/wiki/Eswatini
tc,Turks and Caicos Islands,Cockburn Town,https://en.wikipedia.org/wiki/Turks%20and%20Caicos%20Islands,Turks and Caicos Islands,Cockburn Town,https://nl.wikipedia.org/wiki/Turks%20and%20Caicos%20Islands,Turks and Caicos Islands,Cockburn Town,https://it.wikipedia.org/wiki/Turks%20and%20Caicos%20Islands
td,Chad,N'Djamena,https://en.wikipedia.org/wiki/Chad,Chad,N'Djamena,https://nl.wikipedia.org/wiki/Chad,Chad,N'Djamena,https://it.wikipedia.org/wiki/Chad
tf,French Southern and Antarctic Lands,Port-aux-Français,https://en.wikipedia.org/wiki/French%20Southern%20and%20Antarctic%20Lands,French Southern and Antarctic Lands,Port-aux-Français,https://nl.wikipedia.org/wiki/French%20Southern%20and%20Antarctic%20Lands,French Southern and Antarctic Lands,Port-aux-Français,https://it.wikipedia.org/wiki/French%20Southern%20and%20Antarctic%20Lands
tg,Togo,Lomé,https://en.wikipedia.org/wiki/Togo,Togo,Lomé,https://nl.wikipedia.org/wiki/Togo,Togo,Lomé,https://it.wikipedia.org/wiki/Togo
th,Thailand,Bangkok,https://en.wikipedia.org/wiki/Thailand,Thailand,Bangkok,https://nl.wikipedia.org/wiki/Thailand,Thailand,Bangkok,https://it.wikipedia.org/wiki/Thailand
tj,Tajikistan,Dushanbe,https://en.wikipedia.org/wiki/Tajikistan,Tajikistan,Dushanbe,https://nl.wikipedia.org/wiki/Tajikistan,Tajikistan,Dushanbe,https://it.wikipedia.org/wiki/Tajikistan
tk,Tokelau,Fakaofo,https://en.wikipedia.org/wiki/Tokelau,Tokelau,Fakaofo,https://nl.wikipedia.org/wiki/Tokelau,Tokelau,Fakaofo,https://it.wikipedia.org/wiki/Tokelau
tl,Timor-Leste,Dili,https://en.wikipedia.org/wiki/Timor-Leste,Timor-Leste,Dili,https://nl.wikipedia.org/wiki/Timor-Leste,Timor-Leste,Dili,https://it.wikipedia.org/wiki/Timor-Leste
tm,Turkmenistan,Ashgabat,https://en.wikipedia.org/wiki/Turkmenistan,Turkmenistan,Ashgabat,https://nl.wikipedia.org/wiki/Turkmenistan,Turkmenistan,Ashgabat,https://it.wikipedia.org/wiki/Turkmenistan
tn,Tunisia,Tunis,https://en.wikipedia.org/wiki/Tunisia,Tunisia,Tunis,https://nl.wikipedia.org/wiki/Tunisia,Tunisia,Tunis,https://it.wikipedia.org/wiki/Tunisia
to,Tonga,Nuku'alofa,https://en.wikipedia.org/wiki/Tonga,Tonga,Nuku'alofa,https://nl.wikipedia.org/wiki/Tonga,Tonga,Nuku'alofa,https://it.wikipedia.org/wiki/Tonga
tr,Turkey,Ankara,https://en.wikipedia.org/wiki/Turkey,Turkey,Ankara,https://nl.wikipedia.org/wiki/Turkey,Turkey,Ankara,https://it.wikipedia.org/wiki/Turkey
tt,Trinidad and Tobago,Port of Spain,https://en.wikipedia.org/wiki/Trinidad%20and%20Tobago,Trinidad and Tobago,Port of Spain,https://nl.wikipedia.org/wiki/Trinidad%20and%20Tobago,Trinidad and Tobago,Port of Spain,https://it.wikipedia.org/wiki/Trinidad%20and%20Tobago
tv,Tuvalu,Funafuti,https://en.wikipedia.org/wiki/Tuvalu,Tuvalu,Funafuti,https://nl.wikipedia.org/wiki/Tuvalu,Tuvalu,Funafuti,https://it.wikipedia.org/wiki/Tuvalu
tw,Taiwan,Taipei,https://en.wikipedia.org/wiki/Taiwan,Taiwan,Taipei,https://nl.wikipedia.org/wiki/Taiwan,Taiwan,Taipei,https://it.wikipedia.org/wiki/Taiwan
tz,Tanzania,Dodoma,https://en.wikipedia.org/wiki/Tanzania,Tanzania,Dodoma,https://nl.wikipedia.org/wiki/Tanzania,Tanzania,Dodoma,https://it.wikipedia.org/wiki/Tanzania
ua,Ukraine,Kyiv,https://en.wikipedia.org/wiki/Ukraine,Ukraine,Kyiv,https://nl.wikipedia.org/wiki/Ukraine,Ukraine,Kyiv,https://it.wikipedia.org/wiki/Ukraine
ug,Uganda,Kampala,https://en.wikipedia.org/wiki/Uganda,Uganda,Kampala,https://nl.wikipedia.org/wiki/Uganda,Uganda,Kampala,https://it.wikipedia.org/wiki/Uganda
um,United States Minor Outlying Islands,Washington DC,https://en.wikipedia.org/wiki/United%20States%20Minor%20Outlying%20Islands,United States Minor Outlying Islands,Washington DC,https://nl.wikipedia.org/wiki/United%20States%20Minor%20Outlying%20Islands,United States Minor Outlying Islands,Washington DC,https://it.wikipedia.org/wiki/United%20States%20Minor%20Outlying%20Islands
us,United States,Washington, D.C.,https://en.wikipedia.org/wiki/United%20States,United States,Washington, D.C.,https://nl.wikipedia.org/wiki/United%20States,United States,Washington, D.C.,https://it.wikipedia.org/wiki/United%20States
uy,Uruguay,Montevideo,https://en.wikipedia.org/wiki/Uruguay,Uruguay,Montevideo,https://nl.wikipedia.org/wiki/Uruguay,Uruguay,Montevideo,https://it.wikipedia.org/wiki/Uruguay
uz,Uzbekistan,Tashkent,https://en.wikipedia.org/wiki/Uzbekistan,Uzbekistan,Tashkent,https://nl.wikipedia.org/wiki/Uzbekistan,Uzbekistan,Tashkent,https://it.wikipedia.org/wiki/Uzbekistan
va,Vatican City,Vatican City,https://en.wikipedia.org/wiki/Vatican%20City,Vatican City,Vatican City,https://nl.wikipedia.org/wiki/Vatican%20City,Vatican City,Vatican City,https://it.wikipedia.org/wiki/Vatican%20City
vc,Saint Vincent and the Grenadines,Kingstown,https://en.wikipedia.org/wiki/Saint%20Vincent%20and%20the%20Grenadines,Saint Vincent and the Grenadines,Kingstown,https://nl.wikipedia.org/wiki/Saint%20Vincent%20and%20the%20Grenadines,Saint Vincent and the Grenadines,Kingstown,https://it.wikipedia.org/wiki/Saint%20Vincent%20and%20the%20Grenadines
ve,Venezuela,Caracas,https://en.wikipedia.org/wiki/Venezuela,Venezuela,Caracas,https://nl.wikipedia.org/wiki/Venezuela,Venezuela,Caracas,https://it.wikipedia.org/wiki/Venezuela
vg,British Virgin Islands,Road Town,https://en.wikipedia.org/wiki/British%20Virgin%20Islands,British Virgin Islands,Road Town,https://nl.wikipedia.org/wiki/British%20Virgin%20Islands,British Virgin Islands,Road Town,https://it.wikipedia.org/wiki/British%20Virgin%20Islands
vi,United States Virgin Islands,Charlotte Amalie,https://en.wikipedia.org/wiki/United%20States%20Virgin%20Islands,United States Virgin Islands,Charlotte Amalie,https://nl.wikipedia.org/wiki/United%20States%20Virgin%20Islands,United States Virgin Islands,Charlotte Amalie,https://it.wikipedia.org/wiki/United%20States%20Virgin%20Islands
vn,Vietnam,Hanoi,https://en.wikipedia.org/wiki/Vietnam,Vietnam,Hanoi,https://nl.wikipedia.org/wiki/Vietnam,Vietnam,Hanoi,https://it.wikipedia.org/wiki/Vietnam
vu,Vanuatu,Port Vila,https://en.wikipedia.org/wiki/Vanuatu,Vanuatu,Port Vila,https://nl.wikipedia.org/wiki/Vanuatu,Vanuatu,Port Vila,https://it.wikipedia.org/wiki/Vanuatu
wf,Wallis and Futuna,Mata-Utu,https://en.wikipedia.org/wiki/Wallis%20and%20Futuna,Wallis and Futuna,Mata-Utu,https://nl.wikipedia.org/wiki/Wallis%20and%20Futuna,Wallis and Futuna,Mata-Utu,https://it.wikipedia.org/wiki/Wallis%20and%20Futuna
ws,Samoa,Apia,https://en.wikipedia.org/wiki/Samoa,Samoa,Apia,https://nl.wikipedia.org/wiki/Samoa,Samoa,Apia,https://it.wikipedia.org/wiki/Samoa
xk,Kosovo,Pristina,https://en.wikipedia.org/wiki/Kosovo,Kosovo,Pristina,https://nl.wikipedia.org/wiki/Kosovo,Kosovo,Pristina,https://it.wikipedia.org/wiki/Kosovo
ye,Yemen,Sana'a,https://en.wikipedia.org/wiki/Yemen,Yemen,Sana'a,https://nl.wikipedia.org/wiki/Yemen,Yemen,Sana'a,https://it.wikipedia.org/wiki/Yemen
yt,Mayotte,Mamoudzou,https://en.wikipedia.org/wiki/Mayotte,Mayotte,Mamoudzou,https://nl.wikipedia.org/wiki/Mayotte,Mayotte,Mamoudzou,https://it.wikipedia.org/wiki/Mayotte
za,South Africa,Pretoria,https://en.wikipedia.org/wiki/South%20Africa,South Africa,Pretoria,https://nl.wikipedia.org/wiki/South%20Africa,South Africa,Pretoria,https://it.wikipedia.org/wiki/South%20Africa
zm,Zambia,Lusaka,https://en.wikipedia.org/wiki/Zambia,Zambia,Lusaka,https://nl.wikipedia.org/wiki/Zambia,Zambia,Lusaka,https://it.wikipedia.org/wiki/Zambia
zw,Zimbabwe,Harare,https://en.wikipedia.org/wiki/Zimbabwe,Zimbabwe,Harare,https://nl.wikipedia.org/wiki/Zimbabwe,Zimbabwe,Harare,https://it.wikipedia.org/wiki/Zimbabwe